result_id,submission_id,artist_name,email,generated_at,candidate_count,final_pick_1,final_pick_1_why,final_pick_1_caution,final_pick_2,final_pick_2_why,final_pick_2_caution,final_pick_3,final_pick_3_why,final_pick_3_caution,general_suggestions,email_subject,email_body,sent_at
result_mc_adaw-artco-gmail-com,mc_adaw-artco-gmail-com,jane weng,adaw.artco@gmail.com,2026-05-18T18:00:00,3,OPA 2026 National Juried Salon,Strong medium fit for Oil painting. the fee is within your $60 budget. the deadline gives you 25 days to prepare. it connects with style signals like Realism. its strategic value is marked high.,Membership required,Viridian Artists Summer Juried Exhibition,Strong medium fit for Oil painting. the fee is within your $60 budget. the deadline gives you 25 days to prepare. its strategic value is marked high.,High competitiveness,Mirroring Reality: Realism Today,Strong medium fit for Oil painting. the fee is within your $60 budget. the deadline gives you 28 days to prepare. it connects with style signals like Realism. its strategic value is marked medium.,Lower prestige ceiling than Chelsea gallery,Prioritize the strongest gallery-context option first. Recheck each official page before applying.,Your artist opportunity shortlist - jane weng,"Hi jane weng,

Here are your current top opportunity matches based on your medium, budget, timing, and stated goals.

Generated on: 2026-05-18T18:00:00

1. OPA 2026 National Juried Salon
Organizer: Oil Painters of America
Deadline: 2026-06-12
Why I chose it: Strong medium fit for Oil painting. the fee is within your $60 budget. the deadline gives you 25 days to prepare. it connects with style signals like Realism. its strategic value is marked high.
Caution: Membership required
Apply: https://www.oilpaintersofamerica.com/opa_show/2026-national-juried-salon/

2. Viridian Artists Summer Juried Exhibition
Organizer: Viridian Artists
Deadline: 2026-06-12
Why I chose it: Strong medium fit for Oil painting. the fee is within your $60 budget. the deadline gives you 25 days to prepare. its strategic value is marked high.
Caution: High competitiveness
Apply: https://artist.callforentry.org/festivals_unique_info.php?ID=17516

3. Mirroring Reality: Realism Today
Organizer: Artlink
Deadline: 2026-06-15
Why I chose it: Strong medium fit for Oil painting. the fee is within your $60 budget. the deadline gives you 28 days to prepare. it connects with style signals like Realism. its strategic value is marked medium.
Caution: Lower prestige ceiling than Chelsea gallery
Apply: https://artist.callforentry.org/festivals_unique_info.php?ID=17577

Suggestions:
- Prioritize the strongest gallery-context option first.
- Recheck deadlines, fees, and eligibility on the official page before applying.
- Use your strongest representative images and tailor your statement to the venue.",2026-05-18T18:10:00
